Id,y
10000,-66.00242349023176
10001,451.406504401155
10002,-461.67641706029906
10003,40.50120875372268
10004,-126.74472245403686
10005,-342.5345518192509
10006,-396.55554211358884
10007,335.5412790790876
10008,-99.51242087062366
10009,304.812539806276
10010,68.89453048978541
10011,412.3691954559068
10012,54.94237102476785
10013,-17.005550754779847
10014,-597.8499575722615
10015,443.5022887864149
10016,144.77448697804346
10017,-57.41116367253642
10018,134.38782757746043
10019,-108.98377598910852
10020,153.82482842506727
10021,611.7359836022017
10022,588.3896503384216
10023,-131.01679995801976
10024,-61.13562114122924
10025,-374.248495316972
10026,74.15799307965354
10027,137.43837873610403
10028,420.0866117967909
10029,196.7656257134429
10030,268.4428498005313
10031,638.4749102511089
10032,127.37873138691991
10033,1.3491187584002127
10034,22.710453177408226
10035,342.2395345225643
10036,307.7039669741721
10037,348.1382087009396
10038,-168.65286130735373
10039,-20.221130904616707
10040,-551.7499275731116
10041,-429.97180406674016
10042,261.89195870674376
10043,389.8204261292213
10044,-96.16562227356525
10045,-210.71080125632434
10046,278.8818687840113
10047,-427.4533010310489
10048,-172.90325291756727
10049,467.26437835578577
10050,-631.558735587439
10051,-355.53165933817814
10052,143.1732755386036
10053,69.1992025989419
10054,275.5882739767254
10055,-263.1886122041022
10056,167.49830723241226
10057,104.57789589014249
10058,230.070086610075
10059,20.988026644576188
10060,-4.822581262501217
10061,-201.92294081063724
10062,560.0639265657696
10063,55.28847625244849
10064,671.3015746918345
10065,-493.7487382852284
10066,-279.353036732592
10067,-53.712527613147586
10068,379.698195500975
10069,315.07141085798133
10070,169.1300173261433
10071,-271.59930326901144
10072,783.8022226750342
10073,44.57731151554849
10074,57.40678005457734
10075,-161.07827414306803
10076,-220.66957847885712
10077,223.2412944292916
10078,352.66559554375385
10079,13.163291366265753
10080,-461.9941469857306
10081,305.37214669142367
10082,-230.59656173861146
10083,359.0744432425439
10084,-430.26056337592144
10085,-115.54882205546183
10086,-88.96006387867385
10087,-488.2901898080417
10088,-139.35033854713538
10089,57.3388081085273
10090,-190.3362427216644
10091,-6.50809291482426
10092,189.29107774701828
10093,346.60367818565555
10094,871.6273206485896
10095,-147.0135373865385
10096,443.4899377794295
10097,-30.498432974436746
10098,185.46345753445954
10099,-119.91717151732763
10100,43.575238001806866
10101,58.318571552243924
10102,-197.15246829839754
10103,-70.47160678841229
10104,-342.8460532886678
10105,-29.23358987371696
10106,49.52292929610363
10107,-16.246144137913348
10108,33.77506926160703
10109,-68.88307748324135
10110,25.863399493697102
10111,-617.3142842716952
10112,-185.90441301194863
10113,323.7831061093862
10114,-35.662195722128345
10115,-733.5297711613832
10116,-240.73856264736077
10117,-381.9731466242488
10118,75.31994462169519
10119,36.61032645911834
10120,-28.75627022502286
10121,-481.16062796858773
10122,408.8502304229888
10123,-765.0217471991633
10124,178.07269651637043
10125,-7.649879385673621
10126,134.7968462337593
10127,-477.45851421287057
10128,-248.70625301323582
10129,-361.88465722386354
10130,-18.755611748554273
10131,7.795604374434419
10132,-109.10598972538355
10133,-63.0737452421945
10134,591.8231837349153
10135,259.61263369662765
10136,-279.8658320087674
10137,93.2253594005183
10138,-427.2873154191353
10139,84.38656633089838
10140,-311.5446306441553
10141,11.419268612561723
10142,-297.831468423585
10143,-331.9289709686435
10144,656.0132305257305
10145,-476.6626813650535
10146,361.1940451337745
10147,-150.18526861192265
10148,299.9467190243242
10149,-191.7214321927079
10150,151.94999511611977
10151,-64.67275781576383
10152,351.2448616306335
10153,-370.63644575627217
10154,349.2249817861107
10155,273.5246096168016
10156,783.1971843196874
10157,-124.23788973573986
10158,-155.22004432990835
10159,-506.9556493864102
10160,201.69321238561514
10161,-415.17405715963616
10162,-348.1651051695645
10163,-201.9522410868095
10164,-658.9504470533366
10165,179.34640168171518
10166,124.06925816168695
10167,-209.1502535520175
10168,213.7051347740057
10169,-82.11721023808923
10170,-97.11026989726828
10171,124.26800574648047
10172,50.28991565714253
10173,538.7439592813369
10174,630.017534554337
10175,217.25927782654406
10176,-491.7337413267076
10177,-131.14175113883238
10178,362.39302241729484
10179,-14.36303805540848
10180,-30.26175736167606
10181,-107.3235807672989
10182,-334.0625929296718
10183,299.50639964643267
10184,-103.47221484505326
10185,179.82049946719405
10186,122.20070887900673
10187,86.58037161690626
10188,386.48256056699205
10189,-613.3611745045824
10190,-269.81638738346294
10191,260.73145126228565
10192,-44.62016128042714
10193,-159.15717576416841
10194,-145.24559879357525
10195,447.2282148760012
10196,476.35698596959503
10197,121.79421345327248
10198,-1.53567905610673
10199,410.7440965387814
10200,90.82809979964753
10201,150.07336956845137
10202,24.033652961546352
10203,273.8866340536302
10204,-154.52926038025097
10205,42.58890150706617
10206,617.3417063168562
10207,38.93936076142967
10208,-91.43610119490427
10209,225.35327477391175
10210,151.05827577085694
10211,-86.91664773645962
10212,-101.71788958007312
10213,161.937765026055
10214,357.8704141035454
10215,32.145978186554004
10216,-379.14539920029176
10217,-165.942132223672
10218,257.45392169454095
10219,-124.8385077918413
10220,47.08451472299194
10221,-67.05065138980211
10222,287.17334413416313
10223,836.2674277701619
10224,-78.73329260205662
10225,-293.0092291521939
10226,284.91632646225565
10227,377.9514320082272
10228,-473.94261958972254
10229,-538.8094549766039
10230,-372.90475040318654
10231,-83.37700889968768
10232,157.46205951911324
10233,167.50291456151038
10234,-105.69040574319709
10235,561.1616879176281
10236,-149.35531895746814
10237,196.9668051235225
10238,-33.81991172758006
10239,5.1994198823371605
10240,-121.7084229606324
10241,53.47357981737836
10242,531.2918938411242
10243,-157.60262258937593
10244,-183.7719623926124
10245,643.8322464256624
10246,17.780306010129635
10247,-92.07939719460279
10248,485.49316460507424
10249,-221.23657860793924
10250,490.60650504846126
10251,-43.67715915425049
10252,139.93322987117642
10253,207.50447442761077
10254,17.09264702436019
10255,-396.4720331605289
10256,-168.3016676152911
10257,-75.59324100124442
10258,-292.07350780076956
10259,-59.373665346633416
10260,247.3690470643842
10261,206.83112758185612
10262,17.462464464080114
10263,-181.81148500657
10264,300.1761509454859
10265,-567.638724795589
10266,311.59327285263527
10267,-9.929511835491894
10268,161.40782304547798
10269,272.3855992297235
10270,55.12245741942553
10271,-15.278267412197877
10272,286.40230194290285
10273,387.8886119434743
10274,-148.57888863638584
10275,171.9523524483963
10276,-411.5705922226791
10277,213.80253827075202
10278,133.93002437371752
10279,-99.01717750124162
10280,-162.4172422455821
10281,-39.074190113478934
10282,-295.1584521832396
10283,141.3248135435958
10284,163.0598300533457
10285,-55.455401462417754
10286,-145.7406760935218
10287,16.350462436354775
10288,-364.2985584828285
10289,558.6630187376724
10290,40.05066121900768
10291,67.63734504296983
10292,559.8400846554664
10293,469.8069471574156
10294,-149.49980105452954
10295,-328.8227866996967
10296,425.7713170466742
10297,85.50466241179528
10298,-166.91553705584943
10299,-662.2984070393494
10300,50.28039165300336
10301,-11.355718332961828
10302,-451.81126444953054
10303,78.67283313413094
10304,-386.8187999173567
10305,-273.22738305237124
10306,352.0150454400221
10307,-263.8480409181018
10308,-214.7302229936121
10309,-84.88115489738404
10310,745.8832791254222
10311,-418.97510845227316
10312,739.1991251661941
10313,-469.0774263529477
10314,481.82984486567125
10315,363.20797478744066
10316,-270.25304182071875
10317,-399.5921247161319
10318,234.45728030706417
10319,-38.7346935703265
10320,238.368748718507
10321,28.697441990182394
10322,238.2309578596527
10323,-130.0074403000013
10324,-681.2945617788495
10325,61.58065295954282
10326,-444.9298506709591
10327,-14.713208392840329
10328,680.4767823428565
10329,288.73260649376414
10330,839.9704901556713
10331,416.65747651917917
10332,167.35603728915714
10333,-86.77953786706838
10334,332.76996760043653
10335,-201.33443093425365
10336,-43.625082987841225
10337,-107.90237779609765
10338,-284.0357380251708
10339,232.60855717832573
10340,237.83315171539945
10341,74.3998056772031
10342,255.5177040636458
10343,-168.64961928561024
10344,68.56334601629054
10345,-365.44198172526075
10346,189.7064988609464
10347,-369.8332497667097
10348,-250.9002439023774
10349,76.31355019623203
10350,-344.94550923377574
10351,-187.4233932681255
10352,482.1697569825221
10353,125.7526697288602
10354,450.69194375218524
10355,216.17619018208205
10356,34.34193571930479
10357,57.51145596121505
10358,-211.41949894712744
10359,49.76249180949266
10360,76.111040207584
10361,-29.196254490441007
10362,33.04895852873743
10363,364.56271216310046
10364,234.48280987315079
10365,-21.796554859090207
10366,-476.93787704779965
10367,43.567658993046905
10368,-310.9572136651691
10369,-46.94111622603708
10370,181.19558107133557
10371,-214.96242982007183
10372,-80.22706031522131
10373,841.2082291657363
10374,102.35678708586994
10375,37.29773804688179
10376,77.3981827596021
10377,435.79452149369234
10378,111.39479265155691
10379,-128.82922415387543
10380,573.0501210583961
10381,48.60246807791195
10382,-68.55414659218829
10383,56.68162450583006
10384,-360.30993199943975
10385,131.9019228345039
10386,-264.52589763343076
10387,-378.7932497249925
10388,-190.09929259976656
10389,862.9152130409614
10390,159.57649666231066
10391,514.0204635801451
10392,61.38766780340685
10393,720.8758958326574
10394,-450.97673103980185
10395,105.89444211999727
10396,-27.532603044003196
10397,-23.43556196676971
10398,331.20599829494586
10399,-156.02456394824117
10400,0.9477018385603486
10401,17.232405165319634
10402,143.23908417021192
10403,53.22645139074656
10404,41.01334926979432
10405,-129.39255146834728
10406,430.91652104593004
10407,-427.90961965735687
10408,49.1140048520916
10409,-221.64758038918734
10410,-313.7597121868504
10411,115.24452244706981
10412,96.10097204453527
10413,-399.91598494242055
10414,-8.411407923562535
10415,733.1841324374678
10416,-332.42676649165105
10417,83.67612042194285
10418,339.79274865544244
10419,-35.11570131451447
10420,38.20433543387776
10421,-606.1984890559305
10422,194.27285338946177
10423,155.03155116158206
10424,-111.25647787348422
10425,-63.33937163651615
10426,403.93581872896414
10427,690.9194303358594
10428,75.78129943645001
10429,-340.3154065235759
10430,-195.76159542697835
10431,40.44513870875575
10432,-137.65418796029232
10433,-95.67479658954458
10434,290.84353787250296
10435,568.4646813472785
10436,351.21865075407464
10437,194.7151665816822
10438,-312.1508420871939
10439,-518.3107868724474
10440,-80.75158048061269
10441,-109.91053830578483
10442,491.41083647519577
10443,371.48514486049396
10444,343.8566446684351
10445,114.60785397368468
10446,-315.20442190988234
10447,83.10396509307088
10448,-82.59915101774044
10449,-182.21902722527537
10450,-294.91729245130455
10451,-294.21055531486974
10452,611.5470417356521
10453,-34.7561341035923
10454,-115.04157690057784
10455,263.27933790237506
10456,346.0565120928377
10457,194.61161526910993
10458,257.3561496384938
10459,-303.2080949271151
10460,-173.1959108570596
10461,-88.53983448578413
10462,137.60161200011157
10463,337.0486492780645
10464,155.72523460362643
10465,-250.2907929052379
10466,148.0634001514352
10467,333.6821886093779
10468,-260.33639238342533
10469,340.3079092279142
10470,224.68535571269547
10471,-607.279717061931
10472,-54.85959294091799
10473,-685.0910817258431
10474,268.25827077859424
10475,108.79743563388453
10476,-233.1676171727205
10477,115.89088157850182
10478,75.28875461498484
10479,312.58695394034214
10480,78.42590704679496
10481,-509.6307964395818
10482,142.15294578474635
10483,-567.6096744598838
10484,99.19784411013103
10485,181.7656936468092
10486,-27.407098394358343
10487,-646.8210508159744
10488,-261.63281625029913
10489,-398.876889197816
10490,-259.410752056183
10491,-252.0574035679906
10492,-25.64796722733159
10493,-479.35794942314175
10494,109.91068619021885
10495,161.94257969113968
10496,-436.807174239755
10497,-66.01220442256727
10498,-73.60538265407172
10499,51.00273944619349
10500,7.609681032163067
10501,-38.39048673108266
10502,493.5959706069279
10503,-303.44908054448723
10504,285.3630587606858
10505,236.93082121946154
10506,-112.90288738209155
10507,-104.91639705404683
10508,70.11071172015204
10509,-334.4021807746171
10510,-526.1520613513316
10511,26.69512668154053
10512,16.62507687890667
10513,-282.6239186862391
10514,-156.76438922324834
10515,-368.70385240105594
10516,87.26698388397338
10517,9.621961449394178
10518,159.3385543339498
10519,737.8354361900723
10520,-63.52561489683755
10521,253.3923454040678
10522,-195.4792622604788
10523,-233.60406275700575
10524,672.04300276033
10525,161.02647811633935
10526,-86.92388588378158
10527,767.449937631786
10528,300.1434547015428
10529,-264.6332621205304
10530,506.80692249836693
10531,413.7325757860618
10532,-227.95565420458576
10533,270.7218219182481
10534,166.27214538843174
10535,467.8359469952991
10536,691.0141927413325
10537,-235.1955016257754
10538,-204.4947563378367
10539,235.56549902566985
10540,481.5082289895015
10541,-404.2863716261737
10542,499.63459887902235
10543,-280.4236242835599
10544,349.63535701277493
10545,56.27921855932684
10546,377.78382419955244
10547,58.239294125082054
10548,424.29981217464865
10549,85.80041244154717
10550,-252.99288852458972
10551,172.86784495502025
10552,-190.10660020571441
10553,306.96428652366876
10554,-179.11766493342225
10555,-155.77590494004906
10556,-208.75257057910807
10557,-257.4259780204177
10558,-187.88708045784367
10559,178.9596858980307
10560,769.2994246067663
10561,131.45400495646152
10562,-86.33605847725491
10563,-440.7896941287975
10564,522.2063378416918
10565,74.26044537058914
10566,-273.34519080824805
10567,23.885483202722554
10568,-140.8861901167376
10569,337.4418933254643
10570,63.42512024403122
10571,-78.12104360563934
10572,-209.41596150610616
10573,-354.3022169957901
10574,261.5495894072725
10575,252.78475303502202
10576,415.3327934963979
10577,-341.4106217749632
10578,-101.54306561728927
10579,-82.98003734434704
10580,-146.19185945082984
10581,-400.95700950885015
10582,114.68810161530715
10583,-318.40944917284065
10584,-27.12865111315017
10585,253.3920635503228
10586,-15.161597235909873
10587,490.27631015669715
10588,67.16055415516087
10589,-583.6536301606629
10590,566.8292227808815
10591,-659.7840206113417
10592,-280.3445865766313
10593,-618.4849576034642
10594,-403.0815217720818
10595,52.58079586777649
10596,154.13724781790538
10597,-187.18724588646154
10598,45.06432286401845
10599,389.8698024589751
10600,497.4944277009734
10601,-172.60466145696978
10602,-199.4880483069113
10603,146.33213540458792
10604,-745.9314211823646
10605,-230.9357823467958
10606,-157.73768823510517
10607,170.5558567216079
10608,58.52819579127414
10609,21.778235377082922
10610,-33.8454323885956
10611,527.0115321450174
10612,370.35979324782113
10613,-83.70884929336637
10614,-297.8667818275179
10615,379.6300416409051
10616,-194.49981867886447
10617,-59.081154239240675
10618,-59.050741456085944
10619,-265.7953310406417
10620,-488.3242148449635
10621,-28.133316815096684
10622,-110.89724251663917
10623,642.519819874314
10624,-25.10495824557529
10625,368.2746547201456
10626,274.799213527042
10627,416.5261293363852
10628,110.57324867984269
10629,561.3783520521663
10630,497.1437621157768
10631,-201.60987734450953
10632,-370.05229826158836
10633,731.0573724235985
10634,-380.1370791551691
10635,-200.60251550520866
10636,272.08601189375486
10637,269.840589910763
10638,-243.56399508534588
10639,-80.64209434586849
10640,-467.97701289855536
10641,384.1033091717121
10642,-158.51464076438262
10643,-321.14290897908097
10644,-72.30709812158338
10645,244.89650104863057
10646,-111.76687989927575
10647,-71.30354161628654
10648,-97.14900534513903
10649,387.99285294446224
10650,134.07976082545463
10651,-372.72453971834454
10652,-153.89734891410623
10653,376.0557246783067
10654,-45.06699972728174
10655,29.111024201616686
10656,-164.38841371392448
10657,291.38028755702385
10658,-389.64290898924577
10659,-145.45381366072837
10660,276.50614199272434
10661,-134.09381091718924
10662,82.94811155481193
10663,143.77337061052725
10664,230.8537782304091
10665,649.8980469913486
10666,188.1001141039921
10667,170.77221614376114
10668,-533.8474844790484
10669,-516.1349688253705
10670,-356.78697467216494
10671,480.90374320564825
10672,-54.535992961675504
10673,-272.66057204038077
10674,-89.16369341976728
10675,-97.40004082495994
10676,-264.2980377506267
10677,-558.8516759610407
10678,-18.223173989822385
10679,238.68337858797952
10680,-107.4968268789766
10681,-439.7371496922739
10682,-366.08737762044984
10683,540.4744022919008
10684,-335.9192295399881
10685,128.98481364662422
10686,-360.4650592778836
10687,-211.01458656820003
10688,115.70383605399698
10689,-723.6333562247722
10690,380.89392210560857
10691,24.30096980575589
10692,-145.38761452740937
10693,-157.2829561785387
10694,134.1033600367295
10695,215.95710077116138
10696,-310.2061637343894
10697,18.018883693842284
10698,-287.1696947296594
10699,-244.82888943623863
10700,-126.15190632103008
10701,-276.851033697201
10702,-63.90282319538363
10703,-268.29074198436535
10704,80.99060618707645
10705,135.49197649147897
10706,265.86171737073545
10707,290.15338931857434
10708,72.85750706987581
10709,-88.64501838284366
10710,-562.5238017086103
10711,-257.9685916645925
10712,-88.32818773227652
10713,-608.9048913545778
10714,16.648129846867306
10715,-117.99664144508849
10716,244.48813585825096
10717,60.961320646526914
10718,640.8504726114272
10719,15.07359265866279
10720,135.00644430477288
10721,39.52337453323227
10722,86.44560574134232
10723,20.33765461545562
10724,217.44242023198086
10725,-8.57484599024707
10726,172.3975873173989
10727,-326.0037487732894
10728,347.58134072403834
10729,128.95803909114454
10730,-379.7500886129536
10731,-134.7069570566249
10732,153.56888514342438
10733,-72.12278608897087
10734,183.30848830572677
10735,-456.53877619137864
10736,152.2753016259962
10737,-20.658280599070423
10738,245.62232835465767
10739,776.4009728233557
10740,-320.14345296022407
10741,-479.3197082847781
10742,-69.7543486029083
10743,-372.01045319605186
10744,397.28224738180876
10745,94.9729302515404
10746,-545.8700939849767
10747,92.71733084803367
10748,456.62324679869687
10749,140.3351962920397
10750,-542.6167845034416
10751,33.2561784730552
10752,237.54555311936574
10753,-260.51478060377343
10754,-227.74117804894496
10755,-18.37420794464431
10756,357.23207935778964
10757,234.1686632237951
10758,309.0494908647157
10759,109.4162090726788
10760,297.04627719533835
10761,431.28271868977305
10762,-285.90275415168367
10763,-461.1231850605624
10764,458.8411685202924
10765,-35.13247865793414
10766,-138.96677867277964
10767,435.8781113541386
10768,-327.55173248124294
10769,-16.175842225600974
10770,32.68738315097242
10771,-143.1103609361336
10772,-82.91163796819316
10773,-26.395849579087724
10774,-295.906542483769
10775,-300.94455130927753
10776,-157.0374617605637
10777,-444.10542517056706
10778,55.5429592337441
10779,136.09573343373836
10780,-59.93423441413822
10781,774.7869393558545
10782,-291.8214694025419
10783,449.6545133580521
10784,-231.20082491305266
10785,88.18058840405112
10786,511.682381615944
10787,27.698913991854027
10788,69.71900343078522
10789,-684.0304286748195
10790,-181.16575418910762
10791,-592.2856835316267
10792,-326.3723044913682
10793,527.5739554313373
10794,-175.9822322889255
10795,555.3273243262493
10796,-40.06219256947605
10797,-242.90961184425646
10798,466.47500983220846
10799,209.72657821779836
10800,112.47399028633751
10801,655.9597092112728
10802,-253.6728820136545
10803,-143.1400643690262
10804,261.9090334491251
10805,-51.43052462098893
10806,-646.534371493122
10807,-114.11730645512914
10808,126.14931118008029
10809,204.59346285899488
10810,-300.39361365831394
10811,-415.6867458895398
10812,6.449152884281091
10813,72.8010777748284
10814,160.6608720814524
10815,249.31168929181715
10816,-248.28534524656328
10817,7.830629922612346
10818,-466.3838270166583
10819,290.15144404460176
10820,-309.0332065633403
10821,528.6916611956264
10822,372.49384793225437
10823,-328.08626630968513
10824,-94.6587340772518
10825,55.56919414045743
10826,67.34382419031711
10827,-533.668381249131
10828,-128.10863350344874
10829,-542.994858446419
10830,54.634639672580974
10831,182.66043483267916
10832,-41.299485730890964
10833,652.8127633917358
10834,-336.9657807378887
10835,99.96282019773786
10836,811.7900163367076
10837,-346.2521160653004
10838,103.69087960098334
10839,487.73608126333215
10840,120.89569101399147
10841,-324.3296740543696
10842,-136.41212971214878
10843,-41.924430030976794
10844,282.7029865802339
10845,345.62032897020504
10846,124.69798534752334
10847,-206.11335283373427
10848,155.93998583214028
10849,-443.7672299433857
10850,-273.3430034005955
10851,195.95033081854595
10852,-30.690040851399782
10853,86.567786598155
10854,-312.2113618894965
10855,41.005246961457814
10856,307.67518019994753
10857,532.9059494214047
10858,260.1616805633804
10859,362.00550753373693
10860,101.32898120196845
10861,38.441296139893936
10862,20.267674753902924
10863,117.44024988074636
10864,573.6911827078557
10865,-507.59205851450054
10866,-211.7696267104564
10867,-78.39989740428135
10868,-319.5737676595735
10869,-267.4465644183347
10870,-780.8570319676232
10871,50.22998055644365
10872,-298.54901081716775
10873,23.392386523116272
10874,-76.29059741014704
10875,-257.5974704642546
10876,171.5643650979654
10877,-121.60078316248926
10878,-451.3737768554305
10879,81.1353388426817
10880,-212.55249317142605
10881,-3.534927229095331
10882,-408.2554810001843
10883,-158.65133194465773
10884,238.39834201613087
10885,-133.03572327369648
10886,-266.0840826060636
10887,247.74270438194716
10888,347.96654428323683
10889,-511.31524281086655
10890,21.815871215019868
10891,-163.84140964229113
10892,-472.5608363970474
10893,-365.00826715123435
10894,272.43713793224015
10895,92.37376374891636
10896,491.8081456846519
10897,-200.03605813580845
10898,144.31490824987478
10899,-554.3580524199995
10900,-449.357557894157
10901,565.0154801799599
10902,446.3187580746213
10903,309.697388187413
10904,282.9279414077503
10905,176.1976281899679
10906,-315.1418517603808
10907,612.3377931152968
10908,274.252231247731
10909,-19.43617305856492
10910,404.6254477705245
10911,47.266481426986026
10912,101.8962408096049
10913,98.14809562777894
10914,-231.35258244372312
10915,136.33612319164237
10916,-150.3100592679496
10917,461.1995499787877
10918,145.69015888427333
10919,-405.8237418755581
10920,-405.55256587509643
10921,213.6739436505615
10922,-204.80364027314414
10923,-118.57063791050868
10924,675.2302648290723
10925,145.1619878685347
10926,489.6870020199625
10927,-173.7655745936937
10928,89.69168465283713
10929,239.01179154231036
10930,-68.1800006866012
10931,93.66677561513265
10932,-196.55301722008707
10933,-711.7534447200927
10934,-104.1502399114895
10935,55.730039501229456
10936,74.24035058478654
10937,625.7495908769043
10938,234.9868848687548
10939,221.59294793875637
10940,61.93159175679486
10941,239.7364483344361
10942,-21.338081818318265
10943,180.16473629709222
10944,14.918627995497928
10945,-374.86568834825164
10946,-397.514928858403
10947,114.66690843216121
10948,-269.61622879894344
10949,0.13921221449172094
10950,-34.5948467606934
10951,72.73402122668175
10952,-188.80556313903827
10953,-365.53367192345365
10954,-67.59552255426829
10955,19.501170139178868
10956,212.78259013823356
10957,170.72284688263213
10958,48.7560558820183
10959,-239.4465227916468
10960,409.73820515518
10961,399.8680056503093
10962,18.693100459975923
10963,165.7669719598433
10964,-124.38945349671056
10965,54.99452321278649
10966,640.432074564868
10967,7.578792735554515
10968,-265.0476304100109
10969,1.6927330910937997
10970,18.517133621267774
10971,-248.85163930169296
10972,106.86193154650795
10973,251.63914312090952
10974,133.83773953640687
10975,-358.26696137693034
10976,426.2614473176407
10977,71.97842246974082
10978,-322.0875596252205
10979,438.84026750159364
10980,-40.13211449134167
10981,283.8035686529256
10982,-487.90619533258445
10983,-86.93302825214806
10984,-470.8501510916906
10985,73.14648277315123
10986,-688.3900989407995
10987,392.4785675660406
10988,-328.6310374955383
10989,149.39160063469248
10990,321.79311476060525
10991,584.3930870450633
10992,206.75729570024927
10993,36.54822599700813
10994,-37.77828521118815
10995,-551.0517094651366
10996,-107.85120387756997
10997,-176.8060279535303
10998,-356.8894911731827
10999,418.4145841124788
11000,-26.1334960169811
11001,-213.90951362803096
11002,246.57978881987674
11003,-32.011024949712294
11004,-126.73258849582707
11005,26.914491557619442
11006,198.92197376295212
11007,-18.843554414706723
11008,-119.51484607642385
11009,-389.9037605310734
11010,-149.50928607147867
11011,-308.96203021469444
11012,-478.7771604137523
11013,-616.7291412522795
11014,-25.890829611384646
11015,-133.17659031686367
11016,-633.058725229321
11017,-32.263294745607595
11018,28.795819581694445
11019,-290.0013236406604
11020,-168.02496539200052
11021,-173.84102001973963
11022,107.27955415166295
11023,278.32878520699984
11024,164.7366518159133
11025,596.7860199506163
11026,737.7802177171224
11027,-57.04439870388788
11028,-20.381913027885304
11029,193.11140830024664
11030,150.95242220368178
11031,-340.8779258558668
11032,207.5565702465379
11033,-27.674726125892576
11034,-146.95165736571187
11035,-121.88066829612697
11036,144.47950532989006
11037,333.2095316788971
11038,-452.51312096804514
11039,-208.5368467442234
11040,265.8449475236091
11041,-86.19645950050078
11042,-456.01061792236254
11043,-377.7300472014275
11044,277.5566889704529
11045,-98.28816556864348
11046,-258.6774182328502
11047,508.5130216465909
11048,-27.82946676741534
11049,-397.83822522418745
11050,27.294231548041864
11051,55.4609069629129
11052,86.52443961502618
11053,-417.7182670641674
11054,265.07469217437034
11055,126.49537980057343
11056,-731.2337998933424
11057,26.768529070431676
11058,15.172424965473738
11059,603.1491770539614
11060,-68.51036908576091
11061,-630.1588497389254
11062,391.43989504517015
11063,191.2673977127127
11064,-82.7991588980455
11065,874.2798355716816
11066,130.10220965607945
11067,24.825257629839484
11068,10.015684555530129
11069,407.55355195098457
11070,184.93372244983635
11071,699.401340355085
11072,12.874182171249174
11073,-569.7950312054746
11074,-60.618267530271
11075,-96.58944292586054
11076,19.660708357384507
11077,30.225969050066496
11078,-107.06858214835661
11079,-23.448153023308606
11080,-16.563489755112244
11081,18.76731799858807
11082,145.9503818222063
11083,-428.10275660092157
11084,-158.17477611037174
11085,-44.378080896788276
11086,-411.2997705448305
11087,218.42101808202466
11088,141.24530784475263
11089,316.63475597059073
11090,93.68023982535559
11091,154.16405402565542
11092,-132.92025023591066
11093,-293.87357139530724
11094,485.306345587875
11095,-271.2294815068546
11096,373.3831471784335
11097,-359.66959875632824
11098,-459.992304450695
11099,209.05369852328187
11100,46.74008351487723
11101,-767.8965435991784
11102,-153.9694668257063
11103,-66.68289246156849
11104,-15.944035080887119
11105,16.07598434500059
11106,157.03893670157362
11107,585.6578635592913
11108,-259.6381059793921
11109,264.48646669308556
11110,171.5586506995271
11111,182.06572554508563
11112,-336.8833733608922
11113,-403.238538703152
11114,114.57772510795482
11115,161.83644349638968
11116,-628.0447010001051
11117,242.0117530553881
11118,362.8630361176533
11119,60.71370640424469
11120,-359.31123121325913
11121,-379.08187950572676
11122,237.83778494978918
11123,-293.41750913992485
11124,-397.45137920298174
11125,159.58885605132502
11126,365.0374752135953
11127,-720.6128464897362
11128,500.16486577148356
11129,-11.265810006162837
11130,-69.35501502523837
11131,250.86562155967778
11132,-169.3067854080244
11133,120.43720692692668
11134,-39.95315782539295
11135,-520.8790659997445
11136,-631.1061053453727
11137,-189.45128724586772
11138,73.57078736644323
11139,39.63813193628267
11140,-459.83743877510517
11141,4.029071723495946
11142,-197.4488996568161
11143,62.389742569146875
11144,-186.44535236927186
11145,-133.60822019560163
11146,305.02297895286455
11147,-46.02246759214886
11148,-42.28147598500726
11149,-174.61342313978255
11150,-221.8174242781655
11151,-177.58255371476668
11152,-1.6457791602116174
11153,92.19561472892798
11154,380.63664334812415
11155,5.176285533507986
11156,-43.264137860359824
11157,138.56909768313244
11158,-644.237339971805
11159,-264.0526485409805
11160,388.0771113359532
11161,-314.5755039675322
11162,68.5957788536987
11163,313.90250595867025
11164,-174.13638000550048
11165,75.24506091716769
11166,-48.30049653479011
11167,366.3281349305427
11168,-300.9531752245198
11169,52.29547497280711
11170,199.76450852884656
11171,-291.45213888117763
11172,-221.25525714195146
11173,-347.633736650114
11174,-203.16973722565996
11175,-377.9229754446044
11176,-39.059901238720606
11177,-27.65770898692344
11178,-4.840069011082768
11179,387.6931701816701
11180,173.07521100861507
11181,932.2704016789719
11182,-79.75948934966567
11183,140.8319773722505
11184,39.684029858127815
11185,443.5242080443128
11186,342.35994872023895
11187,-137.85795258406307
11188,596.3305304911723
11189,207.64692642350775
11190,-628.7444696897264
11191,498.51770649884384
11192,-157.9392487400486
11193,351.10783976574197
11194,21.71133353559993
11195,-147.8588200554936
11196,204.57246274928065
11197,29.4746182494129
11198,121.43392964124439
11199,-565.6199353865666
11200,-229.61058695852768
11201,-46.8044771087405
11202,686.999341350482
11203,-439.3760081383566
11204,-564.306780926228
11205,-449.4452387206122
11206,-187.0133755779533
11207,63.71447075230776
11208,226.53217961128934
11209,-238.2619588660748
11210,8.031752667967282
11211,-360.68869418514646
11212,-123.9931161386863
11213,-388.86461946300346
11214,21.0258626314463
11215,-301.50187125630396
11216,215.87740831289665
11217,403.5102100498002
11218,435.6976033569271
11219,-107.10092088372193
11220,186.0469207837368
11221,347.5694847398062
11222,258.81395911530467
11223,-431.37566148179303
11224,-169.3593819810199
11225,106.38668004303975
11226,11.406343347779341
11227,362.5962040295641
11228,-602.2073540911481
11229,707.555918445794
11230,202.17491878205487
11231,-50.33711976765698
11232,-170.329423453249
11233,-33.31137090394972
11234,194.42983492011538
11235,-358.58935096740703
11236,-212.26535326917724
11237,-291.42110382226326
11238,295.5576189497116
11239,-278.97338727308414
11240,23.65365330010954
11241,-64.4636109068393
11242,-550.5130672413407
11243,541.3432697524759
11244,95.06333041130944
11245,14.598207374632715
11246,108.60883519127042
11247,-390.97470911424284
11248,358.66641966090106
11249,-656.7373713546325
11250,39.62170404064986
11251,-112.10781397641765
11252,-3.9966181836037435
11253,-399.3487785294677
11254,-189.94215830266765
11255,25.70500325461782
11256,-514.342309050895
11257,42.903388996472955
11258,-18.932652421567013
11259,-109.32309649965735
11260,-32.89909171394726
11261,-543.8120026538536
11262,402.3710870309699
11263,36.244315379427974
11264,228.30407580009404
11265,346.38302227713757
11266,-401.22270699068474
11267,54.057197731364596
11268,6.862233348084061
11269,-3.812080565891989
11270,-445.4514919738881
11271,162.08751874326964
11272,176.36752501387102
11273,-516.9719819284375
11274,189.99316009349013
11275,-164.4571279651932
11276,174.20994712832805
11277,-510.02977631488454
11278,174.7848851098712
11279,-352.74632432728384
11280,-145.46097708961668
11281,456.9718611706609
11282,-463.5148906726282
11283,-363.58427640439356
11284,-157.84808228490368
11285,-195.3606096202617
11286,152.04068775685698
11287,-197.0922676688169
11288,36.48096536871992
11289,993.2248779784684
11290,-387.0287931868153
11291,-6.616510882803588
11292,-272.0688608858405
11293,-138.59954551011
11294,-105.03944861259974
11295,-21.529524404723396
11296,91.05719915022947
11297,-65.79119714947234
11298,164.47287710093707
11299,-17.997827027464695
11300,783.8866597139141
11301,-339.23112472431285
11302,-196.4845636178353
11303,357.2184954096821
11304,186.31062521156989
11305,138.0941036840316
11306,-11.632461477738616
11307,175.8091637342037
11308,-224.6173498323622
11309,68.85579641186717
11310,201.21113139003938
11311,257.87114287716304
11312,-432.8705595172986
11313,-893.9998008184384
11314,671.865078465858
11315,-143.37264919121844
11316,622.2386586662823
11317,179.38442629047276
11318,553.7744088919058
11319,133.399221164038
11320,-278.76344183166566
11321,-316.62804095298446
11322,503.415662882667
11323,282.68713599665676
11324,-192.349790754152
11325,-266.5062159351735
11326,28.44209269197151
11327,-502.8106644889336
11328,-284.8971678177397
11329,334.32539610270464
11330,131.8555942163128
11331,-163.06900527506684
11332,207.69781044505385
11333,84.53775535541718
11334,26.259629066102818
11335,-255.92213730636735
11336,51.282902742482044
11337,-102.049621462311
11338,160.43430410628724
11339,285.3933559563082
11340,-58.8409645216816
11341,103.10534910665871
11342,-294.31129301873364
11343,376.9074907782761
11344,69.80186693396936
11345,866.0001885226104
11346,-39.37289658053965
11347,64.61420289331747
11348,-169.6560341690667
11349,-545.1873976320005
11350,-61.76963684753744
11351,-497.32028453380724
11352,462.29111052928795
11353,-153.26914250955556
11354,-206.00694145910265
11355,-139.67967903899927
11356,-86.31603500008399
11357,589.4439429065596
11358,213.39162365467172
11359,160.84269205249763
11360,189.14311879095433
11361,-353.6233316812037
11362,-195.46146888135166
11363,-130.97048784757058
11364,-411.89784821070924
11365,339.5361109610375
11366,278.70802857875634
11367,262.53933089099826
11368,-182.3152473785591
11369,312.59253988430584
11370,292.50696602849206
11371,-191.39812913021427
11372,97.19896589042816
11373,-323.0624519693487
11374,-641.6335236830914
11375,34.40431778594136
11376,332.6146395449395
11377,374.39429080114485
11378,79.74057443698256
11379,-175.66454148011672
11380,161.84977999054536
11381,247.70962726908022
11382,90.73858219235942
11383,406.9195427827269
11384,-128.2933840449151
11385,131.27330755535522
11386,729.3094416276251
11387,721.951650776263
11388,-177.94000063372454
11389,709.5229020169677
11390,68.44182794627687
11391,-488.04810671370313
11392,152.74593914617662
11393,-239.2502847833344
11394,-147.28095714479565
11395,-45.20831857564579
11396,-222.12449344542708
11397,-332.61528388191806
11398,-119.36737582300427
11399,411.59761537416625
11400,165.38288375399037
11401,488.27546568671994
11402,224.1448993009883
11403,57.12319327873874
11404,264.66502019787293
11405,-126.75098294470838
11406,-376.2060205940094
11407,48.79137391778414
11408,420.198064005142
11409,-415.55963971310905
11410,-45.072678714989564
11411,-169.48557453543216
11412,744.963322661382
11413,-534.1845713199482
11414,-151.0311280910086
11415,577.9358654693667
11416,46.72638739060787
11417,311.5540818056224
11418,357.30637658810497
11419,265.41273843984106
11420,-253.59736902535113
11421,-473.8813440500308
11422,12.688444605877578
11423,-132.56426690048798
11424,72.4738192034759
11425,217.43580522922252
11426,-335.77852011220773
11427,-262.2046244768537
11428,95.51698320910229
11429,-209.18192024536
11430,456.63567349234285
11431,308.4305601974662
11432,-28.85373112568149
11433,-358.5178471510809
11434,128.3117267744262
11435,145.62472438146025
11436,95.66700803418507
11437,268.2835409130821
11438,-466.9244162464639
11439,-314.3209496912717
11440,344.7406648862776
11441,220.707558136711
11442,-578.4755239012404
11443,174.8090781147944
11444,399.94148396073274
11445,732.672096633252
11446,667.3027303329159
11447,-63.09651298272118
11448,245.90652202892213
11449,21.73019301948809
11450,-248.65264042472626
11451,-197.04075505173967
11452,-282.04647226508354
11453,-81.15238925755423
11454,52.36536160378669
11455,-2.257126778135003
11456,-758.8756116063777
11457,213.49145912249065
11458,-169.27147826397666
11459,184.72028865201264
11460,256.5643049747524
11461,-63.24889777651984
11462,-272.7178718373251
11463,135.79446347148928
11464,455.7807433953051
11465,-129.35637652171874
11466,62.87337039221991
11467,-386.8529378948042
11468,267.22765883611055
11469,287.24118692262766
11470,-52.09972865258446
11471,76.40695664839166
11472,-138.16215089738114
11473,203.55614864230523
11474,15.488711020266337
11475,-5.968082516968309
11476,-31.644142590968578
11477,221.56630230692645
11478,-687.0023182063171
11479,483.78422314354066
11480,958.022379088073
11481,191.5960609293116
11482,-58.589705574535046
11483,259.46230620404333
11484,-6.316757561911913
11485,-270.2884690000886
11486,-772.4642296251158
11487,-146.46331926199866
11488,-37.78146099301644
11489,331.5519575822499
11490,570.4745741117808
11491,-182.59989627575152
11492,-356.09408660693816
11493,84.14295121036407
11494,-115.72664179916518
11495,431.8983819954099
11496,-39.02760836085508
11497,28.16338306294861
11498,-54.06385343329254
11499,-259.9655378401635
11500,157.696878204808
11501,-451.5735361809528
11502,482.55650486877573
11503,242.5569452090999
11504,-588.1137438098021
11505,81.01709689599326
11506,325.40673944403085
11507,-22.0522351506559
11508,-296.27850419733096
11509,299.0519135861389
11510,468.26993122394776
11511,-99.60746951487869
11512,5.278085447166838
11513,-101.94715017070865
11514,172.81543496339026
11515,-676.7207529529063
11516,-85.334585198188
11517,117.54369571648198
11518,-83.62878738830575
11519,179.75562770163415
11520,-83.35296347452766
11521,-21.419178952216484
11522,292.1247462432766
11523,-100.16396087765216
11524,-295.4450782425556
11525,-196.19961546096317
11526,-90.4034979856605
11527,-58.114124094914374
11528,-400.37934469764514
11529,236.3271753297146
11530,-312.0048905394501
11531,448.8990473727644
11532,202.73550507695248
11533,94.92875456289632
11534,60.247307917510845
11535,-149.43663249088382
11536,406.7833814658025
11537,600.8120265364312
11538,-23.26355946076214
11539,-565.3127069056475
11540,156.44069172561154
11541,648.6215466239544
11542,405.71979646874223
11543,261.80583136930034
11544,22.356083935015477
11545,238.4124747322888
11546,164.5680237527013
11547,-83.3467411485818
11548,209.77491982449413
11549,-198.97437741530788
11550,-78.73473210337534
11551,27.73248810192446
11552,450.3167950749097
11553,-78.31520558005143
11554,-267.6389063338018
11555,348.3318744546583
11556,-404.4550391740679
11557,330.0959394936932
11558,-532.9705587435964
11559,530.1667228330988
11560,-741.056804641054
11561,478.6495234473396
11562,164.63187921356058
11563,-449.7107531471187
11564,-412.1148110783398
11565,219.12773907510575
11566,-378.68930950300484
11567,368.7333880545346
11568,37.33842695846835
11569,396.49349500405333
11570,-29.329794718535226
11571,35.47525183909097
11572,-267.29107555681423
11573,-417.3465797913102
11574,-250.30106527663747
11575,-228.95720009218724
11576,692.2513473375055
11577,-411.15737206575307
11578,482.32117888249996
11579,109.40386922308683
11580,547.620581513899
11581,179.88426508469234
11582,-521.579310189512
11583,-0.5366722202062064
11584,-1.310883274280144
11585,-248.0508314562961
11586,-243.0680618201309
11587,199.56730075170265
11588,381.3240432569337
11589,-393.1688038873973
11590,138.23245276134875
11591,34.24105569798829
11592,-4.6291546141178515
11593,-151.86193128195848
11594,335.5463722270896
11595,-93.14529808270547
11596,507.7532186638953
11597,-355.46562053382195
11598,143.08978438160912
11599,137.9468840362695
11600,-151.04600604389717
11601,-19.601773692468747
11602,105.84882713406168
11603,-172.7851899812662
11604,482.1272637099985
11605,-267.53917413325524
11606,39.90555578612982
11607,-52.85579653107453
11608,-21.222446731210667
11609,155.37989346108424
11610,-96.06927783501632
11611,-163.17530409699714
11612,-180.3657397735511
11613,-264.67843452360046
11614,171.42795164643758
11615,-11.4577133629418
11616,239.99734190689674
11617,-39.84995383841641
11618,-211.74160655795703
11619,-354.1693561735654
11620,72.47946295208895
11621,306.82020444019344
11622,10.710238479162882
11623,-367.9516429972728
11624,280.99867828489937
11625,607.1342789952014
11626,226.07866695707025
11627,565.9296380146844
11628,-147.7674721698985
11629,-314.03756027490414
11630,-180.04553525208888
11631,51.27097737987189
11632,-118.81984221413435
11633,-258.2606219427473
11634,-229.8371302020436
11635,200.36475862315172
11636,-348.0714175640103
11637,-584.8608659725448
11638,-4.929876831025794
11639,-163.44221481669825
11640,87.02751929856964
11641,41.56663504345355
11642,-494.8904637770147
11643,-60.887711202974714
11644,-173.551369719751
11645,181.26452118021194
11646,-51.325709086770395
11647,43.95099730518166
11648,-517.9818134858784
11649,-355.55266690328585
11650,272.4021668773415
11651,490.63038344697264
11652,-37.23470686782187
11653,100.1917811771593
11654,32.264743116669734
11655,342.38399589459664
11656,-274.38399640566814
11657,-461.5994801818364
11658,399.1178188156315
11659,59.94166241926638
11660,-119.02693796298149
11661,-281.70905159749054
11662,-127.62868444831878
11663,-556.5819101778247
11664,-79.37923441222003
11665,-84.28398755175004
11666,-212.85815433361955
11667,72.29858467981347
11668,-416.4589989203813
11669,-151.39277066781787
11670,-112.94325746656858
11671,-386.9976053679827
11672,553.3497133654164
11673,-80.93783458087202
11674,265.60516451201585
11675,498.06450504154566
11676,447.8834076769249
11677,-162.95338863408995
11678,121.20351520652065
11679,106.02342845843134
11680,340.50635541497263
11681,4.314416762781086
11682,-92.64783669165442
11683,-354.1295771288345
11684,214.00747653242522
11685,-345.6914287422602
11686,-271.8022086291161
11687,426.3090773781538
11688,-37.75750717052058
11689,-180.46345723783463
11690,-97.58231078807162
11691,347.82231323352636
11692,-237.01309080397706
11693,118.12311870118694
11694,681.4766679385007
11695,275.6633448909285
11696,185.16481639957362
11697,-13.15936336731626
11698,274.0722474871899
11699,178.7610296558836
11700,-178.98039516140642
11701,391.8425175864833
11702,-308.9499410969803
11703,-324.8362159483893
11704,262.08713574306853
11705,398.5210640940395
11706,-368.2548804329607
11707,-181.18251143785045
11708,-166.4134720874744
11709,68.98755258725339
11710,-249.4901287843148
11711,443.60337484329
11712,13.650459883850104
11713,-212.53037852371773
11714,-27.915418712236217
11715,-240.79982184571008
11716,-142.8830914479369
11717,-285.83430439090506
11718,460.6316686800934
11719,-225.10788029950615
11720,97.82651932862045
11721,350.58725687428364
11722,378.8238516684877
11723,-3.884845525272908
11724,-260.948288566838
11725,-64.56158617381817
11726,-270.603284166692
11727,-569.4207476943711
11728,142.46838399487984
11729,228.152317927467
11730,170.9058940527073
11731,-88.73300598116822
11732,179.5851459685292
11733,176.78682556049347
11734,-56.270574348238085
11735,-185.87258729682566
11736,100.44658731097046
11737,-63.662179545584614
11738,623.2061139971217
11739,-122.16898105378056
11740,-216.57264126812535
11741,-130.98097450073638
11742,-293.82665858937577
11743,167.92384362729928
11744,9.259507593413389
11745,-587.4956962603295
11746,304.7248094184765
11747,251.46359511685253
11748,-304.0609677452419
11749,108.0433695754605
11750,-218.67189979790226
11751,-105.13018388543652
11752,121.35633108715768
11753,-302.96404134850053
11754,529.6616399285879
11755,-224.55011115095368
11756,688.8598020995777
11757,121.62140840748214
11758,495.86330963739925
11759,-104.89700800321293
11760,-39.40369282771172
11761,-218.4339384089338
11762,-242.0754292376031
11763,328.4691736616512
11764,-121.57062322437396
11765,-351.9613272364565
11766,235.896543360089
11767,211.84331613383586
11768,581.9859083831249
11769,-187.81685176717636
11770,-88.20353056281317
11771,-121.26318282161398
11772,-682.3449315356837
11773,-61.455993571582326
11774,69.00904133898314
11775,132.89487284698947
11776,41.646820743462996
11777,-513.1698248834673
11778,216.74344092334704
11779,-533.8087878872967
11780,-467.10306503157204
11781,39.693989655146034
11782,178.8448375901786
11783,-255.91268436083124
11784,468.6909720129363
11785,-959.1458675174449
11786,201.8625119158861
11787,-282.5687070757385
11788,-392.43495156660424
11789,-219.68775779803582
11790,169.59302266781285
11791,-21.895665769337143
11792,-242.27992228725654
11793,35.58886075134721
11794,336.4403335300433
11795,-63.3315203300063
11796,-4.446048273786964
11797,-312.31536571455973
11798,14.581415571942586
11799,-258.2235127345507
11800,725.8387913302838
11801,-303.82806462040145
11802,-726.1845220640307
11803,93.42268369441311
11804,92.79798258372114
11805,342.4123292506731
11806,856.1825394344153
11807,-54.88314706218152
11808,-213.13720641425516
11809,-365.0835488849475
11810,-733.4819620034946
11811,-206.05838193577978
11812,-418.2722352600777
11813,358.8044694709532
11814,-260.6223453246695
11815,546.234572258784
11816,187.4494866560298
11817,-22.033982900795365
11818,88.73051702341425
11819,-243.13847978487792
11820,-41.37966627895642
11821,-543.6240241200903
11822,840.8060354669688
11823,402.82422181866434
11824,79.42070559550056
11825,473.38979426396463
11826,-57.64549004681636
11827,210.11286727244192
11828,-185.75745290109973
11829,22.769138003586093
11830,940.7468340773512
11831,-442.7066678021558
11832,-475.2447822521923
11833,-339.99428398162104
11834,541.6463647301907
11835,333.4990795646738
11836,-765.4962533792758
11837,91.19318918087322
11838,164.45073228966257
11839,274.6128331227379
11840,263.188253898038
11841,303.6223346767646
11842,-92.18952553795572
11843,208.9737133756832
11844,-170.0341905096143
11845,41.558196358047155
11846,-670.8313651099273
11847,452.6593777040687
11848,741.8102612544459
11849,420.5524115040746
11850,400.35300244817756
11851,-181.64239575564187
11852,162.04635840200535
11853,2.7480936093333455
11854,534.6906446334306
11855,145.05936874351264
11856,245.63977352375164
11857,192.70633663604943
11858,486.5739863716467
11859,525.2699999852708
11860,172.0015914277918
11861,342.5619147140178
11862,-338.44880989512205
11863,99.97133504380355
11864,-176.9017178169027
11865,316.4260102039326
11866,-637.4632411206283
11867,74.53335736390207
11868,-319.6093541834507
11869,-234.07357196963414
11870,238.83176324556257
11871,684.2995158543805
11872,-273.3939469063438
11873,229.4938738284958
11874,-191.42805181835195
11875,591.7365509012383
11876,-357.7170769578665
11877,279.3492027993532
11878,16.385346982374458
11879,1015.232107119162
11880,-44.24764867011672
11881,-259.1203848495991
11882,6.68631257117962
11883,113.41765950025392
11884,164.36906042910584
11885,-219.79091064314557
11886,-50.91215016522628
11887,234.6937848292133
11888,-225.7460471560123
11889,-124.56806112022926
11890,89.33080634586258
11891,-24.03982232115351
11892,949.8138509171472
11893,21.685293242947523
11894,-333.06691562171073
11895,51.63526677112726
11896,-328.7470589180697
11897,-622.2335618237696
11898,-406.82572326736715
11899,-126.38083816156981
11900,-298.35683404440874
11901,-494.63240273284964
11902,579.022340758398
11903,170.4248951223832
11904,160.4512727890142
11905,-127.53245750920877
11906,116.51260749164078
11907,137.24483689523242
11908,-1.2351263056269772
11909,613.2508183966271
11910,435.2344808605943
11911,160.38696710023305
11912,-185.47388977035016
11913,188.64065599401115
11914,-610.560351317361
11915,23.714657186400018
11916,-97.90469140459538
11917,-120.61345408597171
11918,353.0787173357877
11919,-18.442887505295403
11920,-120.28546893417462
11921,15.392910103858036
11922,185.80696804774448
11923,845.6527630055801
11924,349.4593287705585
11925,45.892637236966095
11926,-7.2379287510020305
11927,-164.7161708339603
11928,107.29963692985874
11929,-99.60009978114883
11930,48.61636926930342
11931,41.199706043706186
11932,661.6732170958664
11933,305.9589879497771
11934,500.4110755868321
11935,-231.16099217574396
11936,334.1777324993181
11937,-326.40234266325626
11938,-574.1806195838037
11939,148.5408727094511
11940,613.9878825912878
11941,184.5203674198833
11942,-216.10046725875503
11943,-616.0735283229874
11944,127.46984067427074
11945,-96.88155439275035
11946,-167.7120378439438
11947,-349.9469948861928
11948,6.61486712692755
11949,543.2797064068858
11950,-362.7810314683375
11951,-330.0574194946649
11952,347.014548736317
11953,526.430773293447
11954,-69.34252030457037
11955,368.0894293247759
11956,381.7237196417386
11957,345.8528403280832
11958,-204.68981318862006
11959,157.89721831896424
11960,-967.3833642179103
11961,527.9548197579916
11962,-338.84960578595445
11963,609.1811386017548
11964,381.11662058979823
11965,-18.351583240230298
11966,-92.24291830783069
11967,-166.08686551614537
11968,-173.9395994580623
11969,-221.13734204317637
11970,-228.37612245128588
11971,198.0616068094593
11972,-713.0064769343032
11973,-89.68186474183358
11974,-480.00457016778057
11975,-271.7333959227004
11976,565.3236399366718
11977,96.11148263232897
11978,178.61335856961358
11979,-61.174332454705194
11980,-368.69168724005885
11981,4.847746578178143
11982,414.4138213444013
11983,-760.3183167930516
11984,84.91271532686066
11985,-251.84732552029078
11986,280.70758458952025
11987,-391.2502782510769
11988,608.4991171703746
11989,-27.808460607212588
11990,-123.41411926925585
11991,-130.82924419408377
11992,18.55306889260305
11993,-433.1653758772137
11994,-303.70912611646526
11995,464.7152549850789
11996,496.485334467278
11997,-35.13540941579578
11998,-131.67918453438722
11999,417.26915462133417
